Graphic Studio A,Graphic Studio B,Graphic Studio C,Graphic Studio D,Basement,Graphic and Basement Walls,Atelier A,Atelier B,Atelier C,Atelier Walls,Attic A,Attic B,Attic C,Attic D,Attic Other,House Walls
609,351,461,82,499,172,339,150,10027,177,,,,,,
424,570,613,80,429,486,686,157,10024,716,,,,,,
425,602,422,81,516,310,97,587,10025,382,,,,,,
778,334,488,79,665,156,313,94,10026,856,,,,,,
611,127,591,639,40,501,,689,10023,825,,,,,,
684,155,476,640,658,500,,322,608,564,,,,,,
342,,773,641,661,502,,612,772,114,,,,,,
610,,579,,663,471,,652,10022,69,,,,,,
701,,459,,660,605,,149,590,162,,,,,,
365,,439,,659,329,,,453,173,,,,,,
601,,373,,657,730,,,698,759,,,,,,
,,,,33,763,,,366,619,,,,,,
,,,,31,102,,,86,,,,,,,
,,,,,166,,,,,,,,,,
,,,,,593,,,,,,,,,,
,,,,,,,,,,,,,,,
,,,,,,,,,,,,,,,
,,,,,,,,,,,,,,,
,,,,,,,,,,,,,,,
,,,,,,,,,,,,,,,
,,,,,les trois chaises,,,,two birds 1990,,,,,,